"DESCRIPTION","DURATION IN MS","NAME","PARENT SUITE","START TIME","STATUS","STOP TIME","SUB SUITE","SUITE","TEST CLASS","TEST METHOD"
"","268","test_login_existing_user","tests","2026-08-19","passed","2026-08-19","","test_login_user","",""
"","179","test_create_unique_user","tests","2026-08-19","passed","2026-08-19","","test_create_user","",""
"","170","test_create_order_without_authorization","tests","2026-08-19","passed","2026-08-19","","test_create_order","",""
"","164","test_create_order_without_ingredients","tests","2026-08-19","passed","2026-08-19","","test_create_order","",""
"","161","test_create_user_without_required_field[email]","tests","2026-08-19","passed","2026-08-19","","test_create_user","",""
"","105","test_create_order_with_invalid_ingredient","tests","2026-08-19","passed","2026-08-19","","test_create_order","",""
"","310","test_login_with_wrong_password","tests","2026-08-19","passed","2026-08-19","","test_login_user","",""
"","170","test_create_user_without_required_field[name]","tests","2026-08-19","passed","2026-08-19","","test_create_user","",""
"","336","test_create_existing_user","tests","2026-08-19","passed","2026-08-19","","test_create_user","",""
"","222","test_create_user_without_required_field[password]","tests","2026-08-19","passed","2026-08-19","","test_create_user","",""
"","3750","test_create_order_with_authorization","tests","2026-08-19","passed","2026-08-19","","test_create_order","",""
